screen_id,source_number,title,slug,module,route_hint,classification,wave,priority,variant_of,source_archive,reference_image_status,codex_guardrail
ERGX-S001,,Login / Sign In,login,AUTH,/login,,,,,,present,
ERGX-S002,,Institution Registration,institution-registration,ONBOARDING,/register,,,,,,present,
ERGX-S003,,Workspace Initialization / Loading,workspace-initialization,PLATFORM,N/A,,,,,,present,
ERGX-S004,,"Empty, Error & Loading States",empty-error-loading-states,DESIGN_SYSTEM,N/A,,,,,,present,
ERGX-S005,,Accounting Hub — Alternate Dashboard Concept,accounting-hub,ACCOUNTING,/accounting,,,,,,present,
ERGX-S006,,Accounts Payable — Bulk Governance Actions,accounts-payable-bulk-actions,ACCOUNTING,/accounting/ap,,,,,,present,
ERGX-S007,,Compliance Audit Trail — Alternate Concept,compliance-audit-trail,AUDIT,/audit,,,,,,present,
ERGX-S008,,Bank Reconciliation — Transaction Matching,bank-reconciliation-matching,ACCOUNTING,/accounting/bank-reconciliation/:sessionId,,,,,,present,
ERGX-S009,,Accounts Payable — Overview & Approval Queue,accounts-payable-overview,ACCOUNTING,/accounting/ap,,,,,,present,
ERGX-S010,,Accounting Dashboard,accounting-dashboard,ACCOUNTING,/accounting,,,,,,present,
ERGX-S011,,Audit Trail,audit-trail,AUDIT,/audit,,,,,,present,
ERGX-S012,,Bank Reconciliation — Overview,bank-reconciliation-overview,ACCOUNTING,/accounting/bank-reconciliation,,,,,,present,
ERGX-S013,,Executive Dashboard,executive-dashboard,REPORTS,/executive,,,,,,present,
ERGX-S014,,HR Dashboard,hr-dashboard,CORE_HR,/hr/dashboard,,,,,,present,
ERGX-S015,,Employees — List & Detail Drawer,employees-list-detail-drawer,CORE_HR,/employees,,,,,,present,
ERGX-S016,,Budgets,budgets,ACCOUNTING,/accounting/budgets,,,,,,present,
ERGX-S017,,Home — Daily Workspace,home-workspace,HOME,/home,,,,,,present,
ERGX-S018,,General Ledger,general-ledger,ACCOUNTING,/accounting/general-ledger,,,,,,present,
ERGX-S019,,Financial Reports,financial-reports,ACCOUNTING,/accounting/financial-reports,,,,,,present,
ERGX-S020,,Accounts Receivable,accounts-receivable,ACCOUNTING,/accounting/ar,,,,,,present,
ERGX-S021,,,leave-dashboard,Leave,/leave,existing-extension,,,,stitch_ergonx_ui (21).zip,present,
ERGX-S022,,,attendance-dashboard,Attendance,/attendance,existing-extension,,,,stitch_ergonx_ui (22).zip,present,
ERGX-S023,,,attendance-adjustment-review,Attendance,/attendance/adjustments/:adjustmentId,phase2-extension,,,,stitch_ergonx_ui (23).zip,present,
ERGX-S024,,,employee-detail,HR / Employee Management,/employees/:employeeId,existing-extension,,,,stitch_ergonx_ui (24).zip,present,
ERGX-S025,,,emergency-contacts,Employee Self-Service,/my-workspace/emergency-contacts,existing-extension,,,,stitch_ergonx_ui (25).zip,present,
ERGX-S026,,,candidate-detail,Recruitment,/recruitment/candidates/:candidateId,phase2-extension,,,,stitch_ergonx_ui (26).zip,present,
ERGX-S027,,,approval-workflows-settings,Settings / Approvals,/settings/approval-workflows,phase2-extension,,,,stitch_ergonx_ui (27).zip,present,
ERGX-S028,,,create-job-requisition,Recruitment,/recruitment/requisitions/new,phase2-new,,,,stitch_ergonx_ui (28).zip,present,
ERGX-S029,,,customer-invoice-detail,Accounting / Accounts Receivable,/accounting/ar/invoices/:invoiceId,existing-extension,,,,stitch_ergonx_ui (29).zip,present,
ERGX-S030,,,candidate-application-submission,Recruitment / Public Careers,/careers/jobs/:jobId/apply,phase2-later,,,,stitch_ergonx_ui (30).zip,present,
ERGX-S031,,,insights,Reports & Analytics,/insights,phase2-extension,,,,stitch_ergonx_ui (31).zip,present,
ERGX-S032,,,payroll-run-detail,Payroll,/payroll/runs/:runId,phase2-extension,,,,stitch_ergonx_ui (32).zip,present,
ERGX-S033,,,payroll-workspace,Payroll,/payroll,existing-extension,,,,stitch_ergonx_ui (33).zip,present,
ERGX-S034,,,interview-scheduling,Recruitment,/recruitment/interviews/new,phase2-extension,,,,stitch_ergonx_ui (34).zip,present,
ERGX-S035,,,my-leave,Employee Self-Service / Leave,/my-workspace/leave,existing-extension,,,,stitch_ergonx_ui (35).zip,present,
ERGX-S036,,,my-payslips,Employee Self-Service / Payroll,/my-workspace/payslips,existing-extension,,,,stitch_ergonx_ui (36).zip,present,
ERGX-S037,,,my-attendance,Employee Self-Service / Attendance,/my-workspace/attendance,existing-extension,,,,stitch_ergonx_ui (37).zip,present,
ERGX-S038,,,my-profile,Employee Self-Service / HR,/my-workspace/profile,existing-extension,,,,stitch_ergonx_ui (38).zip,present,
ERGX-S039,,,journal-entry-detail,Accounting / General Ledger,/accounting/journals/:journalId,existing-extension,,,,stitch_ergonx_ui (39).zip,present,
ERGX-S040,,,leave-request-review,Leave / Approvals,/leave/requests/:requestId/review,phase2-extension,,,,stitch_ergonx_ui (40).zip,present,
ERGX-S041,41,Module Management,module-management,Settings / Platform,/settings/modules,Existing screen — extend/refine,Wave 2,P1,,stitch_ergonx_ui (41).zip,present,Keep module enable/disable and dependency controls. Do not implement SaaS billing/plan mechanics unless separately approved.
ERGX-S042,42,Offer Management,offer-management,Recruitment,/recruitment/offers/:offerId,Existing/partial — extend,Wave 4,P1,,stitch_ergonx_ui (42).zip,present,Governed offer lifecycle: Draft → Approval → Sent → Accepted/Declined. Preserve candidate/application lineage into Employee conversion.
ERGX-S043,43,Security Center,security-center,Security / Self Service,/security,Existing/partial — extend,Wave 2,P0,,stitch_ergonx_ui (43).zip,present,"Support password, TOTP, email OTP, session management and recent security activity. Do not expose SMS OTP or recovery phone until a reliable SMS provider exists."
ERGX-S044,44,Roles & Permissions,roles-and-permissions,Settings / RBAC,/settings/roles,Existing/partial — extend,Wave 2,P0,,stitch_ergonx_ui (44).zip,present,System roles remain protected. UI permission buckets must map to granular backend permissions; backend authorization is authoritative.
ERGX-S045,45,Institution Profile,institution-profile,Settings / Institution,/settings/institution,Existing/partial — refine,Wave 2,P1,,stitch_ergonx_ui (45).zip,present,"Logo, legal identity, institution type, country, default currency, timezone and contact data. Currency formatting preferences must not silently change transaction currency."
ERGX-S046,46,Users & Access,users-and-access,Users & Access,/users-access,Existing/partial — extend,Wave 2,P0,,stitch_ergonx_ui (46).zip,present,"Members, invitations and access requests. Invitation links should be one-time/expiring; access changes require backend role assignments and audit."
ERGX-S047,47,Employee Home,employee-home,Self Service,/my-workspace,Existing screen — refine,Wave 3,P1,,stitch_ergonx_ui (47).zip,present,"Daily employee workspace, not an executive dashboard. Show only own records and enabled modules; no invented performance scores."
ERGX-S048,48,Request Leave,request-leave,Leave / Self Service,/my-workspace/leave/request,Existing/partial — extend,Wave 3,P1,,stitch_ergonx_ui (48).zip,present,"Support draft, half-day boundaries, working-day calculation, attachments, balance preview and approval-route preview. Policy rules are institution-configured."
ERGX-S049,49,My Documents,my-documents,Self Service / Documents,/my-workspace/documents,Existing screen — refine,Wave 3,P1,,stitch_ergonx_ui (49).zip,present,"Categories, issue/expiry dates, status and uploads. Only show storage quota if the backend actually enforces one."
ERGX-S050,50,Personal Preferences,personal-preferences,Self Service / Platform,/preferences,New/partial — extend,Wave 2,P1,,stitch_ergonx_ui (50).zip,present,"Locale, timezone, date/time/number formatting, appearance, accessibility and notification preferences. User formatting does not alter accounting currency values."
ERGX-S051,51,Vendor Bill Detail,vendor-bill-detail,Accounting / Accounts Payable,/accounting/ap/bills/:billId,Existing/partial — extend,Wave 6,P1,,stitch_ergonx_ui (51).zip,present,"Document view, approval route, attachments and payment status. Scheduling/recording payment must not imply an external bank transfer unless an integration exists."
ERGX-S052,52,Budget Detail — Academic Affairs,budget-detail,Accounting / Budgets,/accounting/budgets/:budgetId,New Phase 2 capability,Wave 7,P2,,stitch_ergonx_ui (52).zip,present,"Allocated, actual, remaining and variance are valid targets. 'Committed' must not be shown until a legitimate commitment source such as Procurement/POs exists."
ERGX-S053,53,Job Requisition Detail,requisition-detail,Recruitment,/recruitment/requisitions/:requisitionId,New Phase 2 capability,Wave 4,P1,,stitch_ergonx_ui (53).zip,present,"Requisition lifecycle, hiring team, approval and publish controls. Approval must complete before publish when configured."
ERGX-S054,54,Financial Report Detail — Statement of Financial Position,financial-report-detail,Accounting / Financial Reports,/accounting/financial-reports/:reportId,Existing/partial — extend,Wave 7,P2,,stitch_ergonx_ui (54).zip,present,Formal statement output must be generated from authoritative posted accounting data. Do not expose PDF/XLSX/XBRL export options unless backend exporters exist.
ERGX-S055,55,Reports & Analytics Catalogue,reports-and-analytics,Reports & Analytics,/reports,Existing/partial — extend,Wave 8,P2,,stitch_ergonx_ui (55).zip,present,Stage implementation: catalogue → saved configurations → sharing/access → scheduling. Do not attempt a generic BI/report-builder platform first.
ERGX-S056,56,Notification Center,notification-center,Platform / Notifications,/notifications,New/partial — extend,Wave 2,P0,,stitch_ergonx_ui (56).zip,present,In-app + email only for Phase 2. Deep links use controlled route_name/resource_id and re-check source authorization; no arbitrary trusted URLs.
ERGX-S057,57,Recruitment Dashboard,recruitment-dashboard,Recruitment,/recruitment,Existing/partial — refine,Wave 4,P1,,stitch_ergonx_ui (57).zip,present,Pipeline should reflect real configured lifecycle stages and authoritative counts. Requisition creation is a real Phase 2 domain addition.
ERGX-S058,58,Global Search,global-search,Platform / Search,/search,Existing/partial — extend,Wave 2,P1,,stitch_ergonx_ui (58).zip,present,"Institution- and permission-scoped cross-module search. Authorization must scope retrieval before results are returned, not fetch-all-then-hide."
ERGX-S059,59,"Governed Empty, Error & Loading States",governed-system-states,Design System / Platform,shared,Design-system standard,Wave 1,P0,,stitch_ergonx_ui (59).zip,present,"Canonical no-data, loading, error, no-access, validation and zero-result patterns. Sample AP content is illustrative only and does not authorize Procurement/Purchase Orders."
ERGX-S060,60,Confirmation Dialog Patterns,confirmation-dialogs,Design System / Platform,shared,Design-system standard,Wave 1,P0,,stitch_ergonx_ui (60).zip,present,"Standardize confirmations for reversible, destructive and governed actions. Domain backend remains responsible for actual authorization, lifecycle and audit."
ERGX-S061,61,Workflow Transitions & Correction Handoffs,workflow-transitions-correction-handoffs,Governance / Platform,shared governance pattern,New Phase 2 governance pattern,Wave 0/2,P0,,stitch_ergonx_ui (61).zip,present,"Use as the canonical visual pattern for governed transitions, corrections, reversals and linked records. Do not force all domains into one database model; each domain owns its valid state machine."
ERGX-S062,62,Record Actions & Lifecycle States,record-actions-lifecycle-states,Governance / HR pattern,shared lifecycle pattern,New Phase 2 governance pattern,Wave 0/2,P0,,stitch_ergonx_ui (62).zip,present,Use as a reusable lifecycle-action pattern. Draft may be deletable when unreferenced; active/archived/finalized/immutable states require domain-specific safeguards. Finalized/immutable records use correction/reversal rather than destructive edit.
ERGX-S063,63,Employee Home — Operational Variant,employee-home-operational-variant,Self Service,/my-workspace,Visual/functional variant,Wave 3,P1,ERGX-S047,stitch_ergonx_ui (63).zip,present,"Variant of Employee Home. Keep useful personal actions, shift/attendance and attention items, but remove organization/team information that exceeds the employee's authorized scope. Do not introduce invented productivity/performance measures."
ERGX-S064,64,Approvals — Governance Review Variant,approvals-governance-variant,Approvals / Platform,/approvals,Visual/functional variant,Wave 2,P1,ERGX-S066,stitch_ergonx_ui (64).zip,missing in source export,Approval inbox variant with richer governance/audit detail. Procurement/PO examples are illustrative only and do not authorize adding Procurement. Batch/quick approvals require backend eligibility checks and per-record audit.
ERGX-S065,65,Employee Directory — Filter Drawer Variant,employee-directory-filter-drawer-variant,Human Resources,/employees,Visual variant,Wave 3,P1,ERGX-S008,stitch_ergonx_ui (65).zip,present,Responsive/compact Employee Directory variant with KPI cards and filter drawer. Reuse canonical Employee Directory contracts and field-level RBAC. Do not create a second employee listing domain.
ERGX-S066,66,Approvals Inbox — Pending Decisions,approvals-inbox,Approvals / Platform,/approvals,Existing/partial — extend,Wave 2,P0,,stitch_ergonx_ui (66).zip,present,"Canonical cross-module approvals inbox candidate. Leave, finance and attendance decisions must be backed by real approval requests and permissions. Procurement/PO sample content is illustrative only. 'Approve All' requires explicit batch eligibility and per-record authorization/audit."
